<?xml version="1.0" encoding="UTF-8"?>
<!DOCTYPE mapper
PUBLIC "-//mybatis.org//DTD Mapper 3.0//EN"
"http://mybatis.org/dtd/mybatis-3-mapper.dtd">
<mapper namespace="com.ssafy.fit.model.dao.BoardDao">
	
	<resultMap type="board" id="boardMap">
		<id column="id" property="id" />
		<result column="writer" property="writer" />
		<result column="title" property="title" />
		<result column="content" property="content" />
		<result column="view_cnt" property="viewCnt" />
		<result column="reg_date" property="regDate" />
	</resultMap>
	
	<insert id="insertBoard" parameterType="Board" keyProperty="id" useGeneratedKeys="true">
		INSERT INTO boards (id, title, writer, content)
		VALUES (#{id}, #{title}, #{writer}, #{content})
	</insert>

	<update id="updateBoard" parameterType="Board">
		UPDATE boards
		SET
		title = #{title},
		writer = #{writer},
		content = #{content},
		view_cnt = #{viewCnt}
		WHERE id = #{id}
	</update>
	
	<delete id="deleteBoard" parameterType="int">
		DELETE FROM boards WHERE id = #{id}
	</delete>
	
<!-- 	<select id="selectAll" resultMap="boardMap">
		SELECT id, title, writer, view_cnt,
		date_format(reg_date, '%Y-%m-%d %H:%i:%s') as reg_date
		FROM boards
	</select> -->
	
	<select id="selectOne" resultMap="boardMap" parameterType="int">
		SELECT id, title, writer, content, view_cnt,
		date_format(reg_date, '%Y-%m-%d %H:%i:%s') as reg_date
		FROM boards
		WHERE id = #{id}
	</select>

	<select id="selectUserList" resultMap="boardMap" parameterType="String">
		SELECT id, title, writer, content, view_cnt,
		date_format(reg_date, '%Y-%m-%d %H:%i:%s') as reg_date
		FROM boards
		WHERE writer = #{writer}
	</select>

	<select id="selectList" resultMap="boardMap" parameterType="java.util.HashMap">
		SELECT id, title, writer, content, view_cnt,
		date_format(reg_date, '%Y-%m-%d %H:%i:%s') as reg_date
		FROM boards
		<if test="mode == 1">
			WHERE title LIKE CONCAT('%', #{keyword},'%')
		</if>
		<if test="mode == 2">
			WHERE content LIKE '%${keyword}%'
		</if>
		<if test="mode == 3">
			WHERE title LIKE CONCAT('%', #{keyword},'%')
			OR content LIKE '%${keyword}%'
		</if>
	</select>
</mapper>